#カテゴリー,#レベル,#Q,#A,#タグ
AI導入方針・ルール,全レベル共通,01. なぜ無料版のChatGPTや未承認のAIツールを業務で使ってはいけないのですか？,未承認の無料ツールは、入力したデータが意図せずAIモデルの学習に利用されたり、広告目的で二次利用されたりするリスクがあるためです。,#AI導入 #AI活用 #ChatGPT #生成AI #社内ルール
AI導入方針・ルール,全レベル共通,02. 会社推奨ツール以外のAIサービスを申請する場合、どのような条件を満たす必要がありますか？,データ保存領域が国内リージョンを選択できること、SLAが公表されていること、取り扱う業務において国内裁判所を指定できるサービスであることなどが条件になります。,#AI導入 #AI活用 #生成AI #申請 #社内ルール
AI導入方針・ルール,全レベル共通,03. AI活用の透明性はクライアントへどう確保すべきですか？,本格的にAIを活用する用途では、提案書・契約書の中に「生成AIを補助的に活用する」旨を明示し、同意を得るようにしてください。はい、本格的にAIを活用する用途では、提案書や契約書の中に「生成AIを補助的に活用する」旨を明記し、同意を得ることが推奨されます。透明性を確保し、信頼関係を優先する姿勢が大切です。本格的にAIを活用する用途では、提案書や契約書の中に「生成AIを補助的に活用する」旨を明記し、同意を得ることが原則です。,#AI導入 #AI活用 #提案 #生成AI #社内ルール
AI導入方針・ルール,全レベル共通,04. AIと効果的に付き合うための基本マインドセットは？,生成AIを「非常に優秀で素直な新入社員」だと考え、曖昧な指示ではなく、目的や背景を具体的に、丁寧に伝えることが大切です。AIを「非常に優秀で素直な新入社員」だと捉えてください。曖昧な指示ではなく、目的や背景を具体的に、丁寧に伝えることで、期待を超える成果が得られます。,#AI導入 #AI活用 #生成AI #社内ルール
AI導入方針・ルール,全レベル共通,05. 会社がAI導入を進める主な目的は何ですか？,業務の効率化やアウトプットの質の向上、情報整理の支援を目的として、生成AIを補助的に活用することです。AIは判断を「補う」ツールとして活用され、個人とチーム全体にゆとりが生まれることを目指しています。,#AI導入 #AI活用 #生成AI #社内ルール
AI導入方針・ルール,全レベル共通,06. 会社がAI導入で目指す主な目的は何ですか？,業務の効率化やアウトプットの質の向上、情報整理の支援を目的として、生成AIを補助的に活用することです。,#AI導入 #AI活用 #生成AI #社内ルール
AI導入方針・ルール,全レベル共通,07. AIを「単なる道具」ではなく「戦略的パートナー」として活用するためのスキルとは？,目的達成のために、専門性を持つ複数のAIアシスタントをどのように連携させ、協働させるかという、より高度で戦略的な思考フレームワークを習得することです。,#AI導入 #AI活用 #生成AI #社内ルール
コード改善と最適化,上級者,01. あるプログラミング言語で書かれたコードを、別の言語に移植（変換）することはできますか？,はい、可能です。「このPythonのデータ処理スクリプトを、機能的に等価なJavaScript（Node.js）のコードに変換してください。依存ライブラリも考慮してください」のように、変換元と変換先の言語、そして依存関係にも言及します。,#コード変換 #移植 #Python #JavaScript #上級者
コード改善と最適化,中級者,02. コードの可読性を上げるために、コメントを自動で追加させることはできますか？,はい。「このJavaScriptの関数について、JSDoc形式で各パラメータと返り値、そして関数の目的を説明するコメントを追加してください」と、コメントの形式を指定して依頼します。,#リファクタリング #コメント #ドキュメンテーション #可読性 #JavaScript
コード改善と最適化,中級者,03. パフォーマンスが悪いコードを高速化するための改善案を提案させるには？,「このSQLクエリは実行に時間がかかります。インデックスの追加やJOINの改善など、パフォーマンスを向上させるための具体的な方法を3つ提案してください」と、ボトルネックとなっている箇所と改善策の方向性を示唆しつつ依頼します。,#最適化 #パフォーマンス #高速化 #SQL #リファクタリング
コード改善と最適化,初心者,04. もっと効率的で「Pythonらしい」書き方（Pythonic）に修正してほしい時は？,「このPythonのforループは、よりPythonicなリスト内包表記で書き直すことができますか？」のように、具体的な改善の方向性（例: Pythonic、高速化）を示して依頼すると効果的です。,#リファクタリング #Python #Pythonic #コード改善 #初心者
コード生成と補完,上級者,01. 特定のデザインパターン（例: シングルトンパターン）を使ってクラスを設計してほしいのですが。,「Javaで、スレッドセーフなシングルトンパターンを実装したデータベース接続管理クラスを作成してください」のように、「言語」「使用するデザインパターン」「クラスの目的」を明確に指定して依頼します。,#コード生成 #デザインパターン #Java #設計 #上級者
コード生成と補完,中級者,02. APIから取得した複雑なJSONデータを処理するコードを生成するコツは？,まず、JSONデータのサンプルをAIに提示し、その構造を理解させます。その上で、「このJSON構造から、'user'オブジェクト内の'name'と'email'だけを抽出してリスト化してください」のように、具体的な抽出ルールを指示します。,#コード生成 #API #JSON #データ処理 #Python
コード生成と補完,中級者,03. 正規表現のパターンを生成してほしい時、どのように依頼すればいいですか？,「日本の郵便番号（XXX-XXXX形式）にマッチする正規表現を生成してください」や、「メールアドレスのフォーマットを検証する正規表現を、一般的な基準で作成してください」のように、マッチさせたい文字列の具体的なパターンやルールを伝えます。,#コード生成 #正規表現 #regex #バリデーション #中級者
コード生成と補完,初心者,04. 特定のライブラリ（例: Pandas）を使った基本的なコードを生成してほしい時、どう頼めばいいですか？,「Pandasを使ってCSVファイルを読み込み、特定の列（'年齢'）の平均値を計算するPythonコードを書いてください」のように、「ライブラリ名」「やりたいこと」「言語名」を具体的に指定します。,#コード生成 #Python #Pandas #初心者 #ライブラリ
コード生成と補完,初心者,05. 関数の仕様だけを伝えて、中身をAIに作ってもらうことはできますか？,はい、可能です。「引数として受け取った数値が偶数ならTrue、奇数ならFalseを返すPython関数を書いてください」のように、関数の入力（引数）と出力（返り値）を明確に定義して依頼します。,#コード生成 #関数 #Python #仕様 #初心者
セキュリティとベストプラクティス,上級者,01. TerraformやAnsibleなど、IaC（Infrastructure as Code）の構成ファイルを生成させることはできますか？,はい、可能です。「Terraformを使って、AWS上にVPC、サブネット、EC2インスタンス（t2.micro）を1台作成するためのHCLコードを生成してください」のように、ツール名と作成したいインフラの構成を具体的に指示します。,#IaC #Terraform #Ansible #AWS #DevOps
セキュリティとベストプラクティス,中級者,02. SQLインジェクションの脆弱性がないか、AIにコードをチェックさせることはできますか？,はい、チェックの一助にはなります。「このPHPコードには、ユーザー入力を直接SQLクエリに埋め込んでおり、SQLインジェクションの脆弱性がある可能性があります。問題点を指摘し、プリペアドステートメントを使った安全なコードに修正してください」と依頼します。,#セキュリティ #SQLインジェクション #脆弱性診断 #コードレビュー #PHP
セキュリティとベストプラクティス,中級者,03. AIが生成したコードのライセンスはどうなりますか？,AIツールの利用規約によりますが、多くの場合、生成されたコードの著作権はユーザーに譲渡されます。しかし、AIが学習データに含まれる既存のオープンソースコードをほぼそのまま出力した場合、意図せずライセンス違反となるリスクもゼロではありません。,#ライセンス #著作権 #コンプライアンス #OSS #法務
セキュリティとベストプラクティス,中級者,04. より質の高いコードを生成させるための、プロンプトのコツはありますか？,「あなたはクリーンアーキテクチャを重視する経験20年のシニアソフトウェアエンジニアです」といった役割設定に加え、「変数名は分かりやすく」「マジックナンバーは使わない」などのコーディング規約を先に指示しておくと、生成されるコードの質が向上します。,#プロンプト #コーディング規約 #品質向上 #ベストプラクティス #エンジニアリング
セキュリティとベストプラクティス,全レベル共通,05. AIにコードを渡す際、APIキーやパスワードなどの機密情報はどうすればいいですか？,絶対に直接貼り付けてはいけません。機密情報は「'YOUR_API_KEY'」のようなダミーの文字列に置き換えてから、AIにコードを提示してください。これは情報漏洩を防ぐための最も重要なルールです。,#セキュリティ #機密情報 #APIキー #情報漏洩 #ベストプラクティス
セキュリティとベストプラクティス,全レベル共通,06. AIが生成したコードを、そのまま本番環境で使っても安全ですか？,いいえ、安全ではありません。AIは脆弱性のあるコードを生成する可能性があります。必ず人間の専門家がコードレビューを行い、セキュリティ上の問題がないか検証してから使用してください。,#セキュリティ #脆弱性 #コードレビュー #品質保証 #リスク管理
セキュリティ＆コンプライアンス,中級者,01. 業務で使える安全なAIツールは具体的に何ですか？,会社が法人契約を結び、安全性を確認したツール（例：ChatGPT Enterprise、Google Gemini Advanced、Microsoft 365 Copilotなど）に利用が限られます。,#AI活用 #ChatGPT #Copilot #Gemini #コンプライアンス #セキュリティ #生成AI
セキュリティ＆コンプライアンス,全レベル共通,02. 機密文書や社内ナレッジを安全に分析するには、どのツールが推奨されますか？,NotebookLMを推奨します。提供した資料の範囲内でのみ応答する「ウォールドガーデン（閉じた環境）」のため、外部データへ依存せずに要約・検索・分析ができ、情報漏洩リスクを最小限に抑えられます。機密性の高い文書や過去の社内ナレッジの分析にも適しています。,#AI活用 #NotebookLM #コンプライアンス #セキュリティ #情報漏洩 #生成AI #NDA #プロンプト
セキュリティ＆コンプライアンス,全レベル共通,03. 会社がAI利用に制限を設け、特定の情報入力が禁止されている主な理由は？,AIに渡した情報が、意図せず記録・学習される可能性をゼロにすることは難しく、情報漏洩の重大なリスクとなるためです。,#AI活用 #コンプライアンス #セキュリティ #情報漏洩 #生成AI
セキュリティ＆コンプライアンス,全レベル共通,04. どのような情報が「入力禁止」に該当しますか？,氏名、連絡先、社員番号など個人を特定できる情報、NDA（秘密保持契約）が交わされているクライアントの機密情報、社外秘の経営情報や医療情報などは一切入力禁止です。,#AI活用 #NDA #コンプライアンス #セキュリティ #生成AI
セキュリティ＆コンプライアンス,全レベル共通,05. 業務の相談をしたい場合、機密情報を「一般化・抽象化」する具体的な方法とは？,具体的な企業名や個人名を伏せ、「ある製薬会社が新薬のマーケティング戦略で悩んでいます」のように、情報を一般化・抽象化して入力してください。,#AI活用 #コンプライアンス #セキュリティ #生成AI
セキュリティ＆コンプライアンス,全レベル共通,06. クライアントデータ（例：売上データ）をAIに入力する際の「OK/NG」の判断基準は？,会社名などが特定できないよう処理した数値データや、個人情報を削除した集計データは「入力OK」ですが、会社・プロジェクトごとの詳細がすべて分かるデータは「入力しない」が原則です。,#AI活用 #コンプライアンス #セキュリティ #個人情報 #生成AI
セキュリティ＆コンプライアンス,全レベル共通,07. 自分が書いたメール文案をAIで添削しても、情報漏洩の心配はないですか？,会社が法人契約している安全なサービスであれば、入力情報が第三者に公開されたり、モデルの学習に使用されたりしない仕組みによって情報が保護されています。,#AI活用 #コンプライアンス #セキュリティ #情報漏洩 #生成AI
セキュリティ＆コンプライアンス,全レベル共通,08. AIが生成した文章や画像に著作権の問題はありますか？,生成AIが返してくる内容にも、クライアントの業務に使われるデータと同様の責任が生じ、著作権に関する配慮が必要です。AIが生成したコンテンツについても、著作権に関する配慮が必要です。III. 使い方とプロンプトの基本ルール。,#AI活用 #コンプライアンス #セキュリティ #生成AI #著作権 #プロンプト
セキュリティ＆コンプライアンス,全レベル共通,09. 業務で使うAIツールは、会社支給の端末のみで使えばよいですか？,はい、会社支給の端末で、承認されたツールのみを使用してください。個人のスマートフォンや個人アカウントでツールにログインすることは禁止されています,#AI活用 #コンプライアンス #セキュリティ #プロンプト #生成AI
セキュリティ＆コンプライアンス,全レベル共通,10. どのような情報をAIに入力してはいけませんか？,氏名、連絡先、社員番号など個人を特定できる情報、NDAが交わされているクライアントの機密情報、社外秘の経営情報や人事情報、医療情報やカルテデータなどは一切入力禁止です。,#AI活用 #NDA #コンプライアンス #セキュリティ #生成AI
セキュリティ＆コンプライアンス,全レベル共通,11. 社内でのAI利用はどの程度進んでいるのでしょうか？,多くの社員が既に週に数回、あるいはほぼ毎日、生成AIツールを業務に活用しています。特に「個人での業務利用（文書作成やアイデア出しなど）」の回答率が高い傾向にあります,#AI活用 #コンプライアンス #セキュリティ #生成AI
セキュリティ＆コンプライアンス,全レベル共通,12. 会社で絶対にAIに入力してはいけない情報はありますか？,はい、クライアントから預かった非公開データ、個人情報（氏名、連絡先など）、社外秘の経営情報や人事情報などは、非公式なAIサービス（ChatGPT無料版など）への直接入力が禁止されています。,#AI活用 #ChatGPT #コンプライアンス #セキュリティ #個人情報 #生成AI
セキュリティ＆コンプライアンス,全レベル共通,13. なぜ機密情報をAIに入力してはいけないのですか？,入力情報がAIモデルの学習データとして利用される可能性があり、情報漏洩の重大なリスクとなるためです。,#AI活用 #コンプライアンス #セキュリティ #情報漏洩 #生成AI
セキュリティ＆コンプライアンス,全レベル共通,14. AIに業務の相談をしたい場合、機密情報はどう扱えばいいですか？,具体的な企業名や製品名、個人名を伏せ、「ある製薬会社が新薬のマーケティング戦略で悩んでいます」のように、情報を一般化・抽象化して入力してください。,#AI活用 #コンプライアンス #セキュリティ #生成AI
セキュリティ＆コンプライアンス,全レベル共通,15. 企画に対する上層部からの指摘事項を予測し、事前に弱点を検証するためのプロンプト技法は？,アイデアを審査・検討する人からの指摘を予測する「ダメ出しの模擬」（技法31）プロンプトを利用し、一般的な大企業の評価軸を援用して検証できます,#AI活用 #コンプライアンス #セキュリティ #プロンプト #生成AI
セキュリティ＆コンプライアンス,全レベル共通,16. 業務で扱う機密性の高い情報（社内データ、顧客情報）は、どこまでAIに入力して良いですか？,顧客情報のうち、社外の人でも知り得る公開された情報は入力OKです。しかし、会社名などが特定できないよう処理した数値データは入力OKですが、会社・プロジェクトごとの詳細がすべて分かる売上データは入力禁止です。,#AI活用 #コンプライアンス #セキュリティ #生成AI
セキュリティ＆コンプライアンス,全レベル共通,17. 個人情報やNDAが交わされたクライアントの機密情報をAIに入力しても安全な方法はありますか？,氏名、連絡先、社員番号などの個人特定情報、NDA機密情報は、一切入力禁止です。AIに業務の相談をしたい場合は、具体的な企業名や個人名を伏せ、情報を一般化・抽象化して入力してください。,#AI活用 #NDA #コンプライアンス #セキュリティ #個人情報 #生成AI
セキュリティ＆コンプライアンス,全レベル共通,18. 社外秘データを取り扱う際に、会社が安全と認めているAIサービスは、どのような仕組みで情報を守っていますか？,会社が法人契約を結んだ安全なサービスでは、入力情報が第三者に公開されたり、モデルの学習に使用されたりしない仕組みによって情報が保護されています,#AI活用 #コンプライアンス #セキュリティ #生成AI
ツール選定・機能,中級者,01. 業務で生成AIを使用する場合、どのような申請が必要ですか？,Microsoft CopilotやGoogle Geminiなど、会社として業務ツールの一部となっているもの以外は、有料アカウントのChatGPTを含め、事前に社内ワークフローシステム「楽楽精算」より申請が必要です。,#AI活用 #ChatGPT #Copilot #Gemini #ツール選定 #ワークフロー #生成AI #申請
ツール選定・機能,中級者,02. 汎用的なChatGPTとカスタムGPT（カスタムBot）の違いは何ですか？,ChatGPTはカスタマイズせず、検索や簡単な相談に使う「汎用的なAIチャットツール」です。一方、カスタムGPTは、特定のタスク（例：医療翻訳、議事録要約）に合わせてチームが指示やノウハウをチューニング（調整）した専用GPTで、より精度の高いアウトプットが得られます。,#AI活用 #ChatGPT #カスタムGPT #ツール選定 #生成AI #翻訳 #要約
ツール選定・機能,中級者,03. カスタムGPTを構築するメリットは何ですか？,独自ルールやナレッジを組み込むことで誤回答を大幅に低減でき、自部門・自業務に最適化された情報と対応が可能になります。また、書き起こしやCA（コンテント分析）などの納品物の質を統一できるというメリットもあります。,#AI活用 #カスタムGPT #ツール選定 #書き起こし #生成AI
ツール選定・機能,中級者,04. レポート作成や分析業務の効率化にはどの程度役立ちますか？,カスタムGPTを活用することで、書き起こしを読み込ませ、要約・分類のたたき台作成（案件により-3〜6時間）や、報告書のテキストベース部分の下書き自動生成（案件により-6〜10時間）が可能です。,#AI活用 #カスタムGPT #ツール選定 #報告書 #書き起こし #生成AI #要約
ツール選定・機能,中級者,05. 膨大なインタビューの書き起こしテキストを効率的に要約・分析するためのAI活用法は何ですか？,書き起こしを読み込ませたカスタムGPTを利用することで、要約・分類のたたき台作成が可能となり、案件によっては3〜6時間の工数削減が可能です。,#AI活用 #カスタムGPT #ツール選定 #書き起こし #生成AI #要約
ツール選定・機能,中級者,06. 報告書作成において、AIはどの程度の時間削減に貢献できますか？,カスタムGPTを活用することで、報告書のテキストベース部分の下書きを自動生成でき、案件によって6〜10時間の削減効果があります。,#AI活用 #カスタムGPT #ツール選定 #報告書 #生成AI
ツール選定・機能,中級者,07. クライアントへの提案アイデアを客観的なデータで検証し、最新の市場データを収集するにはどうすればいいですか？,Gemini（主席リサーチ・アナリスト）のDeep Research機能を使用し、最新の市場データ、統計、競合の動向を収集します。これにより出典URLが明記されるため、ファクトチェックが容易になります。,#AI活用 #DeepResearch #Gemini #ツール選定 #ファクトチェック #出典 #提案 #生成AI
ツール選定・機能,中級者,08. 複数言語で書かれた海外のレポート群を、言語の壁を越えて横断的に分析するにはどうすればよいですか？,Gemini（主席リサーチ・アナリスト）の持つ巨大なコンテキストウィンドウ（100万トークン以上）を活用し、複数言語で書かれた文書群を一度に読み込ませて分析することで、グローバルなインサイトを抽出できます。,#AI活用 #Gemini #ツール選定 #生成AI
ツール選定・機能,中級者,09. AIの生成する誤情報（ハルシネーション）のリスクを軽減する具体的な対策は？,複数のAIサービス（例：ChatGPTとGemini）を使って同じ質問を投げかけ、回答を比較することで情報の正確性を検証する、という手法が有効です。,#AI活用 #ChatGPT #Gemini #ツール選定 #ハルシネーション #生成AI
ツール選定・機能,中級者,10. 医療分野など専門性の高い翻訳業務の品質を統一し、外注コストを削減するにはどうすればいいですか？,社内で承認された専門用語集やノウハウをアップロードし、カスタムGPTを構築します。これにより翻訳品質のばらつきをなくし、外注費の恒常的な削減（B3チームの事例では一件あたり最大9〜12万円/20万円の削減）を達成しています。,#AI活用 #カスタムGPT #ツール選定 #生成AI #翻訳
ツール選定・機能,中級者,11. スクリーナーの国内適合性をチェックする作業をAIに任せると、どの程度の時間削減ができますか？,カスタムGPTを用いることで、スクリーナーの国内適合性の確認や注意点の自動リスト化により、初期見解の即時取得や国内基準との整合性チェックにかかる時間を20〜90分程度削減できます。,#AI活用 #カスタムGPT #スクリーナー #ツール選定 #生成AI
ツール選定・機能,中級者,12. 自分の業務に特化したAIを「カスタムGPT」として構築するメリットは何ですか？,独自ルールやナレッジを組み込むことで誤回答を大幅に低減でき、自部門・自業務に最適化された情報と対応が可能になります。また、書き起こしやCA（コンテント分析）などの納品物の質を統一できるというメリットがあります。,#AI活用 #カスタムGPT #ツール選定 #書き起こし #生成AI
ツール選定・機能,中級者,13. 顧客インタビューの文字起こしやアンケートの自由回答など、大量のテキストを読み込ませ、要約・分類のたたき台を自動生成させたい場合は？,カスタムGPTに書き起こしを読み込ませ、**「調査目標ごとに下書きを担当」**させることで、案件により3〜6時間の削減が可能です。,#AI活用 #カスタムGPT #ツール選定 #書き起こし #生成AI #要約
ツール選定・機能,中級者,14. 複数の海外レポートを一度に分析し、共通のテーマや著者間で意見が対立している論点を特定したい場合は？,Geminiの100万トークン以上のコンテキストウィンドウを活用し、**「これら20本のドキュメントを横断的に分析し、すべての文書に共通するテーマ、および著者間で意見が対立している論点を特定してください」**といったプロンプトを使用します。,#AI活用 #Gemini #ツール選定 #プロンプト #生成AI
ツール選定・機能,中級者,15. 翻訳品質のばらつきをなくし、統一された用語（例：「stimuli→提示物」）で出力させるためには、どうすればよいですか？,チームで統一された訳語やノウハウをナレッジベースとしてカスタムGPTに学習させ、**「アップロードされた用語集を厳守し、日本の医師が読んでも自然な表現で翻訳してください」**と指示します。,#AI活用 #カスタムGPT #ツール選定 #生成AI #翻訳
ツール選定・機能,中級者,16. 海外からのRFQ（見積依頼）が届いた際、対象者のリクルート可否や国内適合性の初期見解を迅速に得るには？,ChatGPTにより初期見解を即座に取得できます。また、カスタムGPTを使って国内基準との整合性を自動チェックし、注意点をリスト化できます。,#AI活用 #ChatGPT #カスタムGPT #ツール選定 #生成AI
ツール選定・機能,中級者,17. 複数のインタビュー書き起こしから、個票（ケースレポート）の作成時間を大幅に短縮したい場合のAI活用法は？,専門用語が多い作業であっても、カスタムGPTで自動化・大幅に時短が可能となります（1個票につき-2時間）。,#AI活用 #カスタムGPT #ツール選定 #個票 #書き起こし #生成AI
デバッグとエラー解析,中級者,01. エラーメッセージが出ないのに、意図した通りに動かない「論理エラー」を見つけるには？,コードの目的と、期待する出力、そして現在の「間違った出力」を具体的に提示します。その上で、「期待する結果は[A]ですが、[B]になってしまいます。コードのどこに論理的な誤りがあるか指摘してください」と依頼します。,#デバッグ #論理エラー #トラブルシューティング #中級者 #コードレビュー
デバッグとエラー解析,中級者,02. 特定の行でなぜ変数の値がおかしくなるのか、ステップごとに追跡させることはできますか？,はい。「この関数の実行プロセスをステップバイステップで説明し、ループの各段階で変数'count'の値がどのように変化するかを追跡してください」と依頼することで、AIにデバッガのように振る舞わせることができます。,#デバッグ #変数 #ステップ実行 #トレース #中級者
デバッグとエラー解析,初心者,03. コードを貼り付けて「バグを直して」と頼むだけで十分ですか？,不十分です。「このPythonコードを実行すると、'IndexError: list index out of range' というエラーが出ます。原因と修正案を教えてください」のように、コード、発生したエラーメッセージ、そして可能であれば「何がしたかったのか」という目的をセットで伝えると、的確な回答が得られます。,#デバッグ #エラー解析 #プロンプト #初心者 #トラブルシューティング
プロジェクト運用（メモリー・カスタム指示・プロジェクト）,中級者,01. 過去の会話内容や個人のスタイルを長期的にAIに記憶させる方法はありますか？,**「メモリー機能」**を利用することで、ChatGPTに記憶させた情報は長期的に保持され、アカウントに紐づいて次回以降のセッションでも活用されます。,#AI活用 #ChatGPT #プロジェクト #メモリー #生成AI
プロジェクト運用（メモリー・カスタム指示・プロジェクト）,全レベル共通,02. AIは過去の会話の内容を覚えていますか？,長時間の対話では、AIの記憶（コンテキスト）は減衰することがあります。ChatGPTの「プロジェクト」機能や「メモリ」機能を利用することで、プロジェクト全体の文脈を永続的に維持させることが可能です。,#AI活用 #ChatGPT #プロジェクト #メモリー #生成AI
プロジェクト運用（メモリー・カスタム指示・プロジェクト）,全レベル共通,03. 長期間にわたるプロジェクトで、AIにそのプロジェクト固有の文脈や指示を忘れさせないようにするには？,ChatGPTの「プロジェクト」機能を使用し、関連するチャットやファイルを専用ワークスペースに集約することで、AIは常にプロジェクト全体の文脈を維持した状態で応答できます。,#AI活用 #ChatGPT #プロジェクト #メモリー #生成AI
プロジェクト運用（メモリー・カスタム指示・プロジェクト）,全レベル共通,04. AIに、単なる事実だけでなく、論理の欠陥や次のステップを積極的に提案させるにはどうすればいいですか？,カスタム指示（Custom Instruction）でAIの応答スタイルを定義する際に、「私の推論における次のステップや潜在的な盲点を積極的に提案してください」と指示することが有効です。,#AI活用 #カスタム指示 #プロジェクト #メモリー #提案 #生成AI
プロジェクト運用（メモリー・カスタム指示・プロジェクト）,全レベル共通,05. 長期間のプロジェクトで、AIが過去のチャット内容やプロジェクト固有の背景を忘れないようにするには？,ChatGPTの**「プロジェクト」**機能を使用し、チャットやファイルを専用ワークスペースに集約することで、AIはプロジェクト全体の文脈を維持した状態で応答できます。,#AI活用 #ChatGPT #プロジェクト #メモリー #生成AI
プロンプト上級テクニック（CoT・メタ認知）,上級者,01. 複雑な分析を依頼する際に有効な「思考の連鎖 (Chain of Thought: CoT)」とは何ですか？,AIに「ステップバイステップで考えてください」と指示し、タスクを複数の手順に分解して依頼することで、結論に至るまでの論理的な正確性を格段に向上させる手法です。,#AI活用 #CoT #上級テク #生成AI
プロンプト上級テクニック（CoT・メタ認知）,上級者,02. 複雑な分析を依頼する際の上級テクニックは何ですか？,**思考の連鎖（Chain of Thought: CoT）**テクニックです。AIに「ステップバイステップで考えてください」と指示することで、結論に至るまでの思考プロセスを明示させ、論理の飛躍や誤りを減らすことができます。,#AI活用 #CoT #上級テク #生成AI
プロンプト上級テクニック（CoT・メタ認知）,上級者,03. 複雑な分析や多段階の依頼をする際のコツは何ですか？,タスクを複数の手順に分解し、「ステップバイステップで考えてください」と指示する**「思考の連鎖（Chain of Thought: CoT）」**という手法が有効です。これにより論理的な正確性が向上します,#AI活用 #CoT #上級テク #生成AI
プロンプト上級テクニック（CoT・メタ認知）,上級者,04. 複雑で多岐にわたるレポート作成タスクをAIに依頼する際、論理的な破綻を防ぐ方法は？,タスクを複数の手順に分解して指示する「思考の連鎖（Chain of Thought: CoT）」テクニックを使用します。これにより、AIは論理の飛躍や誤りを大幅に削減できます。,#AI活用 #CoT #上級テク #生成AI
プロンプト上級テクニック（CoT・メタ認知）,上級者,05. 複雑な分析や多段階の論理的推論をAIに実行させ、論理の破綻を防ぐための上級テクニックは何ですか？,**「ステップバイステップで考えてください」と指示を出し、タスクを複数の手順に分解して依頼する「思考の連鎖（Chain of Thought: CoT）」**テクニックを使用します。,#AI活用 #CoT #上級テク #生成AI
プロンプト上級テクニック（CoT・メタ認知）,上級者,06. 複数の専門家（例：市場アナリスト、財務アナリスト）の視点をシミュレーションさせ、戦略の実行可能性を多角的に評価したい場合は？,**「思考の木（Tree of Thoughts: ToT）」**フレームワークを用い、複数の推論経路を探求し、それぞれの実行可能性を評価するよう指示します。,#AI活用 #CoT #ToT #上級テク #生成AI
プロンプト基礎（4要素・心構え）,上級者,01. AIがタスクを実行する際の思考プロセスを、AI自身に客観的に振り返らせるための手法は何ですか？,「メタ認知」の活用です。AIに「この回答はどのような手順で考えましたか？」や「その結論に至った根拠は何ですか？」と問いかけることで、論理性を検証し、回答の妥当性を迅速に評価できます。 AI活用に関する社内FAQ集（リサーチ・提案担当者向け：プロンプト編 30問） I. 調査・文書作成の基礎効率化,#AI活用 #プロンプト #メタ認知 #基礎 #提案 #生成AI
プロンプト基礎（4要素・心構え）,中級者,02. メモリー機能とカスタム指示（Custom Instruction）の違いは何ですか？,メモリー機能は「何を（What）」、つまり事実やよく使う専門用語などを記憶させ、カスタム指示は「どのように（How）」、つまり応答のスタイルや人格を記憶させるという役割分担があります。,#AI活用 #カスタム指示 #プロンプト #メモリー #基礎 #生成AI
プロンプト基礎（4要素・心構え）,全レベル共通,03. AIの出力結果の正確性を確認する最終的な責任は誰にありますか？,AIはあくまで業務をサポートする「道具」であり、最終的な判断や責任は常に人が担います。最終成果物は、必ずプロジェクトリーダーまたは上長が確認し、必要な調整を加えた上で使用・納品されます。,#AI活用 #プロンプト #基礎 #生成AI
プロンプト基礎（4要素・心構え）,全レベル共通,04. 業務で使うためのAIツールについて、新規利用を希望する場合の申請方法は？,社内ワークフローシステム「楽楽精算」より申請が必要です。「ワークフロー」→「システム依頼書」→依頼内容/カテゴリの「17.その他相談」から使用する生成AIの名称や用途を届け出ます。,#AI活用 #プロンプト #ワークフロー #基礎 #生成AI #申請
プロンプト基礎（4要素・心構え）,全レベル共通,05. AIの回答が期待通りでなかった場合、最初からやり直すべきですか？,いいえ、その回答に対して具体的な修正指示を与え、対話を繰り返しながら調整してください。AIとのやり取りは「会話で調整」することが最も重要です。,#AI活用 #プロンプト #基礎 #生成AI
プロンプト基礎（4要素・心構え）,全レベル共通,06. AIに「ありがとう」「その要約は分かりやすかったです」と肯定的なフィードバックを与えることは意味がありますか？,はい、意味があります。肯定的なフィードバックをすることで、AIはあなたの好みや意図を学習し、次回依頼時のアウトプットが変わっていきます。,#AI活用 #プロンプト #基礎 #生成AI #要約
プロンプト基礎（4要素・心構え）,全レベル共通,07. 長時間の対話でAIが以前の内容を忘れてしまうのはなぜですか？,AIの記憶（コンテキスト）は短期的なものであり、現在のセッション内でのみ使われるため、セッション終了後に履歴はリセットされることがあります。,#AI活用 #プロンプト #基礎 #生成AI
プロンプト基礎（4要素・心構え）,全レベル共通,08. AIを利用する際の最も重要な基本原則は何ですか？,AIはあくまで業務をサポートする「道具」であり、最終的な判断や責任は常に人が担うという姿勢が最も重要です。最終成果物は、必ずプロジェクトリーダーまたは上長が確認し、必要な調整を加えた上で使用・納品します。,#AI活用 #プロンプト #基礎 #生成AI
プロンプト基礎（4要素・心構え）,全レベル共通,09. なぜタスクを「ステップに分けて」依頼するべきなのですか？,一度に全部頼むと、AIの勝手な判断により出力がぶれたり、情報がブレたりして精度が下がりやすくなるためです。小さく切り分けて進めることで、全体のクオリティが安定します。,#AI活用 #プロンプト #基礎 #生成AI
プロンプト基礎（4要素・心構え）,全レベル共通,10. AIの出力が期待通りでなかった場合、どうすればいいですか？,その場で諦めず、具体的な修正指示（フィードバック）を与え、対話を繰り返してください。フィードバックを積み重ねることで、AIはあなたの好みや意図を学習し、精度が向上していきます。,#AI活用 #プロンプト #基礎 #生成AI
プロンプト基礎（4要素・心構え）,全レベル共通,11. フィードバックでAIを褒めるのは意味がありますか？,はい、意味があります。アウトプットが期待通りだった場合も「その要約の仕方は非常に分かりやすかったです。今後の要約もこのスタイルでお願いします」といった肯定的なフィードバックをすることで、次回依頼時のアウトプットが変わっていきます。,#AI活用 #プロンプト #基礎 #生成AI #要約
プロンプト基礎（4要素・心構え）,全レベル共通,12. 小規模な組織でもAI導入のメリットはありますか？,はい、小規模組織こそAIドリブン経営の恩恵を大きく受けられます。限られた人的リソースで多くの業務をカバーする必要があるため、AIによる業務効率化の効果が特に顕著に現れます。,#AI活用 #プロンプト #基礎 #生成AI
プロンプト基礎（4要素・心構え）,全レベル共通,13. AI、生成AI、LLMなど、言葉の違いは何ですか？,AIは最も広い概念で、予測分析や機械学習（ML）なども含みます。生成AI（Generative AI）は、ChatGPTに代表される、テキストや画像を生成する能力を持つAIです。LLM（大規模言語モデル）は、その生成AIの技術的な基盤となるモデルです。,#AI活用 #ChatGPT #プロンプト #基礎 #生成AI
プロンプト基礎（4要素・心構え）,全レベル共通,14. AIの出力結果をそのままクライアントに提出していいですか？,いいえ、出力内容はあくまで「優秀なアシスタントが作成した下書き」と捉え、必ず社内レビューを通し、内容の正確性・適切性を確認してください。,#AI活用 #プロンプト #基礎 #生成AI
プロンプト基礎（4要素・心構え）,全レベル共通,15. ハルシネーション（AIの嘘）を防ぐにはどうすれば良いですか？,情報収集を依頼する際は、必ずプロンプトに**「公的な情報源や信頼できるレポートを基に、参考URLを付けて回答してください」**という指示を徹底的に加えましょう。,#AI活用 #ハルシネーション #プロンプト #参考URL #基礎 #生成AI
プロンプト基礎（4要素・心構え）,全レベル共通,16. どのAIツールを使っても安全ですか？,当社ではセキュリティ基準を満たし、入力情報がモデルの学習に使用されないことが明確な、社内指定の安全な生成AIのみを利用対象としています。推奨ツールについては情報システム部にご確認ください。,#AI活用 #セキュリティ #プロンプト #基礎 #生成AI
プロンプト基礎（4要素・心構え）,全レベル共通,17. AIの回答が期待通りでなかったら、どうすればいいですか？,諦めずに、その回答に対して具体的な修正指示を与え、対話を繰り返してください。このフィードバックを重ねることで、AIはあなたの意図を学習し、精度を高めていきます。,#AI活用 #プロンプト #基礎 #生成AI
プロンプト基礎（4要素・心構え）,全レベル共通,18. AIが出力する情報の信頼性を高めるために、プロンプトに必ず含めるべきことは何ですか？,「公的な情報源や信頼できるレポートを基に、参考URLを付けて回答してください」といった一文をプロンプトに加えて、出典の明記を義務付けます。,#AI活用 #プロンプト #出典 #参考URL #基礎 #生成AI
プロンプト基礎（4要素・心構え）,全レベル共通,19. AIが出力した内容をクライアントへの最終成果物として使う際のルールは何ですか？,AIの出力内容はあくまで「優秀なアシスタントが作成した下書き」とみなし、最終成果物は必ずプロジェクトリーダーまたは上長が確認し、内容の正確性・適切性を確認・調整したうえで使用・納品します。,#AI活用 #プロンプト #基礎 #生成AI
プロンプト基礎（4要素・心構え）,全レベル共通,20. AIの回答が期待通りでなかった場合、チャットを新しく作り直すべきですか？,いいえ、期待外れの回答は「対話の始まり」と捉え、具体的な修正指示（フィードバック）を与え、対話を繰り返すことで調整します。,#AI活用 #プロンプト #基礎 #生成AI
プロンプト基礎（4要素・心構え）,全レベル共通,21. AIに肯定的なフィードバック（例：「その要約は分かりやすかった」）を与えることに意味はありますか？,はい、非常に大切です。肯定的なフィードバックをすることで、AIはあなたの好みや意図を学習し、次回以降の依頼時のアウトプットが変わっていきます。,#AI活用 #プロンプト #基礎 #生成AI #要約
プロンプト基礎（4要素・心構え）,全レベル共通,22. AIを最大限に活用する上で、人が集中すべき活動は何ですか？,経営幹部の見解では、AIは人間の活動を支援・強化し続ける存在であり、人は「創造性」「共感」「戦略的思考」といった競争上の差別化要因に集中すべきであるとされています。,#AI活用 #プロンプト #基礎 #生成AI
プロンプト基礎（4要素・心構え）,全レベル共通,23. 提案書などで利用する市場情報について、AIが生成する「ハルシネーション（誤情報）」を回避し、信頼性を高めるには？,プロンプトに、**「厚生労働省や PMDAなどの公的機関のウェブサイトを参照し、参考にした URL を末尾にリストアップしてください」**といった出典の明記を義務付ける一文を加えます。,#AI活用 #ハルシネーション #プロンプト #出典 #基礎 #提案 #生成AI
プロンプト基礎（4要素・心構え）,全レベル共通,24. 複数のメンバーから寄せられた多様なアイデアを、類似性に基づいて適切に分類・集約し、多様性を保つにはどう依頼しますか？,「これらのアイデアを確認し、類似したものをグループ化してください。過度に集約せず、アイデアの多様性を保持することが重要です」「チームの創造力」（技法21）を使用します。,#AI活用 #プロンプト #基礎 #生成AI
プロンプト基礎（4要素・心構え）,全レベル共通,25. 海外クライアントとのやり取りにおいて、文化的な背景やビジネス上の慣習を考慮したメールを作成するには？,メールドラフトを確認させ、**「[国名]のクライアントに適した、よりフォーマルなトーンに修正し、主要な技術的ポイントが明確に伝わるようにしてください」**と具体的に指示します。,#AI活用 #プロンプト #基礎 #生成AI
プロンプト基礎（4要素・心構え）,全レベル共通,26. 調査実査中にクライアントから追加質問が届いた際、英語のフィードバックをモデレーター向けに即時翻訳させるには？,英語のフィードバックをChatGPTで即翻訳させることで、1インタビューにつき10分程度の削減効果が見込まれます。,#AI活用 #ChatGPT #プロンプト #基礎 #生成AI #翻訳
プロンプト基礎（4要素・心構え）,初心者,27. プロンプトが「いい感じにまとめて」といった曖昧な指示だと、なぜ期待通りの結果が出ないのですか？,AIは「言葉に対して忠実」だからこそ、曖昧な指示には曖昧に応える傾向があり、見当違いのアウトプットを出すことがあります。,#AI活用 #プロンプト #基礎 #生成AI
プロンプト基礎（4要素・心構え）,初心者,28. プロンプトの質を向上させるために、「指示」「文脈」「入力情報」「出力形式」の4要素に分けるのはなぜですか？,これらの4要素を含めることで、AIは何をすべきか、誰のために書くべきかを理解し、アウトプットの質が格段に上がるためです。,#AI活用 #プロンプト #出力形式 #基礎 #生成AI
プロンプト基礎（4要素・心構え）,初心者,29. 4つの必須要素のうち、「指示（Instruction）」の例にはどのようなものがありますか？,要約して、リストアップして、翻訳して、アイデアを出して、分類して、作成して、といったAIに「何をしてほしいか」を伝える言葉です。,#AI活用 #プロンプト #基礎 #生成AI #翻訳 #要約
プロンプト基礎（4要素・心構え）,初心者,30. 4つの必須要素のうち、「文脈（Context）」ではAIに何を伝えるべきですか？,「誰のためか？何のためか？」という情報、例えば「顧客向けの」「社内用の」「目的は〇〇です」といった背景情報です。,#AI活用 #プロンプト #基礎 #生成AI
プロンプト基礎（4要素・心構え）,初心者,31. なぜプロンプトの冒頭で「あなたは〇〇です」と役割（ペルソナ）を与えることが重要なのですか？,AIがその役割になりきり、特定の知識、視点、口調で回答を生成しようとするため、回答の質が劇的に向上する、最も簡単で効果的な応用テクニックの一つです。,#AI活用 #プロンプト #基礎 #生成AI
プロンプト基礎（4要素・心構え）,初心者,32. 情報収集をAIに依頼するとき、回答の信頼性を高めるプロンプトのコツは？,必ずプロンプトに**「公的な情報源や信頼できるレポートを基に、参考URLを付けて回答してください」**という一文を加えましょう。,#AI活用 #プロンプト #参考URL #基礎 #生成AI
プロンプト基礎（4要素・心構え）,初心者,33. 自分の書いたプロンプトの失敗を改善するための分析フレームワークはありますか？,プロンプトを「指示」「文脈」「入力情報」「出力形式」の4要素に照らして失敗の原因を体系的に分析するフレームワークがあります。例えば、翻訳タスクで不自然な訳文が出た場合、原因は「ターゲット読者が誰であるか」という【文脈】の欠如にある、といった特定が可能です,#AI活用 #プロンプト #出力形式 #基礎 #生成AI #翻訳
プロンプト基礎（4要素・心構え）,初心者,34. 良いプロンプトを作成するための4つの必須要素は何ですか？,1. 【指示】（何をしてほしいか）2. 【文脈】（どんな背景か）3. 【入力情報】（どの情報を使うか）4. 【出力形式】（どんな形でほしいか）の4つです。,#AI活用 #プロンプト #出力形式 #基礎 #生成AI
プロンプト基礎（4要素・心構え）,初心者,35. AIを効果的に使うための心構えを教えてください。,AIを「非常に優秀で素直な新入社員」だと捉えてください。「目的」「背景」「誰に向けたものか」「どのような形式で仕上げてほしいか」を具体的に、丁寧に伝えることで、期待を超える成果が得られます。,#AI活用 #プロンプト #基礎 #心構え #生成AI
プロンプト基礎（4要素・心構え）,初心者,36. 回答の質を劇的に向上させる簡単なテクニックはありますか？,AIに特定の「役割（ペルソナ）」を与えることです。プロンプトの冒頭で「あなたは〇〇です」と定義するだけで、AIはその役割になりきり、特定の知識、視点、口調で回答を生成しようとします。プロンプトの冒頭で「あなたは20年の経験を持つベテランのマーケットアナリストです」と定義するだけで、AIはその視点、知識、口調で回答を生成しようとします。,#AI活用 #プロンプト #基礎 #生成AI
プロンプト基礎（4要素・心構え）,初心者,37. 自分のアイデアの弱点や、上層部からの指摘事項を事前に確認する方法はありますか？,アイデアの潜在的な問題や障害を洗い出す「リスクの検証」（技法30）や、企画の上層部からの指摘事項を予測する「ダメ出しの模擬」（技法31）といったプロンプトを使用できます,#AI活用 #プロンプト #基礎 #生成AI
プロンプト基礎（4要素・心構え）,初心者,38. 「良いプロンプト」とは、具体的にどんな指示ですか？,AIが「目的」「背景」「誰に向けたものか」「どのような形式で仕上げてほしいか」を具体的に理解できるように工夫された指示です。,#AI活用 #プロンプト #基礎 #生成AI
プロンプト基礎（4要素・心構え）,初心者,39. プロンプトに必ず入れるべき4つの必須要素は何ですか？,1. 指示 (Instruction) 2. 文脈 (Context) 3. 入力情報 (Input Data) 4. 出力形式 (Output Format) の4つです。,#AI活用 #プロンプト #出力形式 #基礎 #生成AI
プロンプト基礎（4要素・心構え）,初心者,40. なぜプロンプトで「箇条書きで」や「丁寧な口調で」といった形式を指示する必要があるのですか？,出力形式を具体的に指示することで、AIの回答の質が格段に上がります。また、後続の業務に利用しやすい形式で出力させるためです。,#AI活用 #プロンプト #出力形式 #基礎 #生成AI
プロンプト基礎（4要素・心構え）,初心者,41. 翻訳の精度を上げるために、プロンプトで工夫すべきことは何ですか？,単に「翻訳して」と頼むのではなく、**「誰が読むのか」**という文脈（例：「日本の呼吸器内科の医師を対象とした」「クライアントに適したフォーマルなトーンで」など）を明確に伝えることが重要です。これにより、ターゲット読者に最適化された自然な表現になります。,#AI活用 #プロンプト #基礎 #生成AI #翻訳
プロンプト基礎（4要素・心構え）,初心者,42. アイデア出しや企画の壁打ちにAIを使えますか？,はい、AIを「創造的なブレストパートナー」として活用することができます。リスクとなりうるポイントを洗い出す「リスクの検証」（技法30）や、上層部からの指摘事項を予測する「ダメ出しの模擬」（技法31）といったプロンプトを使用できます。,#AI活用 #プロンプト #基礎 #生成AI
プロンプト基礎（4要素・心構え）,初心者,43. AIスキルを上げるために、次に何を学べばいいですか？,まず、全ての業務に対して「3ステップ指示」（目的→入力→出力フォーマット）を適用し、基本的なプロンプトの型を安定させることが推奨されています。,#AI活用 #プロンプト #基礎 #生成AI
プロンプト基礎（4要素・心構え）,初心者,44. 自分が作った良いプロンプトは、チームで共有したほうがいいですか？,はい、業務の中で発見した便利なプロンプトを共有し合う「プロンプト・ライブラリ」の仕組みを作ることで、組織全体の生産性が飛躍的に向上すると考えられています,#AI活用 #プロンプト #ライブラリ #基礎 #生成AI #生産性
プロンプト基礎（4要素・心構え）,初心者,45. 市場調査の初期段階で、まだ満たされていない顧客ニーズに基づいた斬新な提案アイデアを出すには、どのツールが適していますか？,ChatGPTは汎用性が高く柔軟性に富んだ「クリエイティブ・パートナー」であり、創造的なアイデア出しに適しています。プロンプトで「経験豊富なマーケットリサーチ戦略家」といった役割を与えることが推奨されます。,#AI活用 #ChatGPT #プロンプト #基礎 #市場調査 #提案 #生成AI
プロンプト基礎（4要素・心構え）,初心者,46. 提案書作成において、アイデアの潜在的な問題や障害を事前に洗い出すためのプロンプト技法はありますか？,アイデアの潜在的な問題や障害を洗い出すために「リスクの検証」（技法30）プロンプトを使用できます。,#AI活用 #プロンプト #基礎 #提案 #生成AI
プロンプト基礎（4要素・心構え）,初心者,47. 自分のプロンプトがうまく機能しなかった場合、どこに原因があるかを分析するフレームワークはありますか？,プロンプトの失敗を「指示」「文脈」「入力情報」「出力形式」の4要素に体系的に照らして分析するフレームワークがあります。,#AI活用 #プロンプト #出力形式 #基礎 #生成AI
プロンプト基礎（4要素・心構え）,初心者,48. 自分の業務で使える優れたプロンプトを見つけたら、どうすべきですか？,その便利なプロンプトを「プロンプト・ライブラリ」の仕組みを通じてチームや部署内で共有します。成功事例を共有することで、組織全体の生産性が飛躍的に向上します。,#AI活用 #プロンプト #ライブラリ #基礎 #生成AI #生産性
プロンプト基礎（4要素・心構え）,初心者,49. レポートやメールのドラフト作成時に、アウトプットの質を安定させるための基本的なプロンプト構成は何ですか？,優れたプロンプトには、【指示】、【文脈】、【入力情報】、**【出力形式】**の4つの必須要素を含めます。例えば、「丁寧なビジネスメールの文体で」といった形式を具体的に指示することが重要です。,#AI活用 #プロンプト #出力形式 #基礎 #生成AI
プロンプト基礎（4要素・心構え）,初心者,50. 長文の業界レポート（PDFなど）を、報告書に組み込むために、要点だけを抽出したい場合のプロンプトのコツは？,**「この調査の目的は『〇〇製品の利用実態と今後のニーズを探ること』です」**のように、文脈として調査の目的をAIに伝え、出力形式を「発見」「示唆」「引用」のように構造化するよう指示します。,#AI活用 #プロンプト #出力形式 #基礎 #報告書 #生成AI
プロンプト基礎（4要素・心構え）,初心者,51. クライアントとのコミュニケーションメールのトーンや言葉遣いを、よりプロフェッショナルなものにしたい場合は？,**「あなたはシード・プランニングのシニアコンサルタントで、フォーマルかつデータドリブンなトーンを重視します」**など、AIに役割（ペルソナ）を与え、応答スタイルを定義します。,#AI活用 #プロンプト #基礎 #生成AI
プロンプト基礎（4要素・心構え）,初心者,52. 調査企画のブレインストーミングで、ありきたりなアイデアではなく、常識を打ち破る革新的な発想を得たい場合は？,「エネルギー、資金、時間、人材、法規制の制約がまったくないとしたら、もっとも理想的な〈アイデアを得たい対象を記入〉する手段は何だと思いますか？」「制約なき発想」（技法12）のプロンプトを使用します。,#AI活用 #プロンプト #基礎 #生成AI
プロンプト基礎（4要素・心構え）,初心者,53. 既存のアイデアや企画案を、客観的に評価・改善するためのプロンプト技法は？,「アイデアの良いところを4つ、発展のために考慮すべきことを1つ、コメントしてください」「着想の良いところ」（技法19）のプロンプトを使用します。,#AI活用 #プロンプト #基礎 #生成AI
プロンプト基礎（4要素・心構え）,初心者,54. 作成したアイデアを、誰向けの、何で、狙いは何かという具体的なプランに発展させるためのプロンプトは？,「このアイデアを『アイデアのタイトル1行』および『アイデアの詳細内容3行』という形式で記述してください。誰向けの、何で、狙いは何かが、なんとなくわかるようにしてください」「アイデアスケッチ」（技法24）のプロンプトを使用します。,#AI活用 #プロンプト #基礎 #生成AI
プロンプト基礎（4要素・心構え）,初心者,55. 複雑な問題について、その解決を長年妨げている「根っこ」の要因を特定したい場合は？,「〈課題を記入〉という困りごとは、長年多くの人が困っているにもかかわらず、解決されないままでいました。これらの問題の解決を阻害する要因は何でしょうか」「阻害の要因」（技法40）のプロンプトを使用します。,#AI活用 #プロンプト #基礎 #生成AI
プロンプト基礎（4要素・心構え）,初心者,56. クライアントへの提案書作成において、アイデアの潜在的な問題や障害を事前に洗い出すためのプロンプトは？,「提案された新規事業アイデアにはどのようなリスクが存在するか教えてください」「リスクの検証」（技法30）プロンプトを使用します。,#AI活用 #プロンプト #基礎 #提案 #生成AI
プロンプト基礎（4要素・心構え）,初心者,57. 上層部や審査部門が企画を評価する際に指摘されそうな弱点を事前に予測したい場合は？,「この企画に、上層部はどのように反応するか、指摘事項を教えてください。上層部が重視する評価軸は、一般的な大企業のものを援用してください」「ダメ出しの模擬」（技法31）プロンプトを使用できます。,#AI活用 #プロンプト #基礎 #生成AI
プロンプト基礎（4要素・心構え）,初心者,58. 提案コンセプトについて、競合他社が既に類似のアイデアを持っていないかを検証したい場合は？,「このアイデアと類似性の高いアイデアがすでにないか調べています。すでにある類似したものを5つ書き出してください。類似度合いの高さを1〜10点で示してください」「知らず盗用の回避」（技法32）のプロンプトを使用します。,#AI活用 #プロンプト #基礎 #提案 #生成AI
プロンプト基礎（4要素・心構え）,初心者,59. 自分のアイデアが実現した際に、クライアントや関係者がどのような反応を示すかを事前に予測し、対策を練りたい場合は？,「このお題に関する影響力のある人を同定してください。その人たちのアイデアへの反応はどのようなものになるか教えてください」「影響力の人」（技法29）のプロンプトを使用します。,#AI活用 #プロンプト #基礎 #生成AI
プロンプト基礎（4要素・心構え）,初心者,60. 新規事業のアイデアを、市場、競合、収益構造といった観点からビジネスモデル案に整えたい場合は？,「〈ビジネスのアイデアを記入〉というアイデアを発展させるために、リーンキャンバスの各要素を考えてください」「新規事業構想の型」（技法26）のプロンプトを使用します,#AI活用 #プロンプト #基礎 #生成AI
プロンプト基礎（4要素・心構え）,初心者,61. 自分のアイデアを実行するにあたり、実際に機能するかどうかを確認するためのプロトタイピング手順を具体的に作成させるには？,「このアイデアが、実際に機能するかどうかを確認するための、プロトタイピング作業手順を作成してください。ステップごとに注意すべき点と、達成すべき要件も示してください」「実証実験の手順」（技法37）プロンプトを使用します。,#AI活用 #プロンプト #基礎 #生成AI
プロンプト基礎（4要素・心構え）,初心者,62. プレゼン動画のシナリオ作成を効率化するために、ビジュアル指示まで含めたアウトプットを求めたい場合は？,「そのアイデアを効果的に見せる30秒ビデオのシナリオを描いてください。カットごとにビジュアルを差し込む場面について、画像生成AIへのプロンプトを示してください」「魅力的な見せ方」（技法36）のプロンプトを使用します。,#AI活用 #プロンプト #基礎 #生成AI
プロンプト基礎（4要素・心構え）,初心者,63. 自分が考案したプロンプトが、期待した結果を生まなかった場合、どこに原因があるかを体系的に分析するには？,**【指示】【文脈】【入力情報】【出力形式】**の4つのフレームワークに照らし、どの要素が不足していたかを分析することで、的確な改善策を導き出せます。,#AI活用 #プロンプト #出力形式 #基礎 #生成AI
共同編集・自動化（Canvas・Agent Mode）,上級者,01. ChatGPTの「Agent Mode（エージェントモード）」で何ができますか？,Agent Modeは、従来の会話や提案だけでなく、指示に基づいてウェブサイトの閲覧、フォーム入力、コード実行、資料作成などの実際の作業を自律的に実行できる機能です。,#AI活用 #AgentMode #ChatGPT #共同編集 #提案 #生成AI #自動化
共同編集・自動化（Canvas・Agent Mode）,中級者,02. AIとの共同編集に便利な機能はありますか？,ChatGPT Canvas機能があります。これは、チャット画面の横に専用の編集ウィンドウが開き、AIと人間が並行して長文のドキュメントやコードを編集することで、流れるような対話的セッションを通じて成果物を洗練させることが可能です,#AI活用 #Canvas #ChatGPT #プロンプト #共同編集 #生成AI #自動化
共同編集・自動化（Canvas・Agent Mode）,中級者,03. 長文のレポート構成をAIと人間で共同で洗練させるのに適した機能はありますか？,ChatGPTのCanvas機能が適しています。これはチャット画面の横に編集ウィンドウが開き、AIと人間が並行してドキュメントやコードを編集し、対話的セッションを通じて成果物を洗練させることができます。,#AI活用 #Canvas #ChatGPT #共同編集 #生成AI #自動化
品質管理（出典・検証・ハルシネーション対策）,全レベル共通,01. AIが生成する「ハルシネーション（幻覚）」とは何ですか？,AIが時として、事実に基づかないにもかかわらず、正しいように見えるもっともらしい誤情報（誤答）を生成することです。,#AI活用 #ハルシネーション #ファクトチェック #品質管理 #生成AI
品質管理（出典・検証・ハルシネーション対策）,全レベル共通,02. 初心者がAI活用を始める際、まず試すべき、リスクが低く効果の高いタスクは？,**「出典付きで要約する」ことや、「メール文を整える/整形する」**といった作業から始めることが推奨されています。,#AI活用 #ファクトチェック #出典 #品質管理 #生成AI #要約
品質管理（出典・検証・ハルシネーション対策）,全レベル共通,03. クライアントへの提出物にAIの出力内容をそのまま使っても良いですか？,いいえ、出力内容は必ず社内レビューを通し、内容の正確性・適切性を確認してください。AIは正しいように見える誤答（ハルシネーション）を返す可能性があるため、最終的な文責は人が負います。,#AI活用 #ハルシネーション #ファクトチェック #品質管理 #生成AI
品質管理（出典・検証・ハルシネーション対策）,全レベル共通,04. まずAIを何から使い始めればいいですか？,リスクが低く効果の高いタスク、例えば**「出典付きで要約する」ことや、「メール文を整える/整形する」**といった作業から始めることが推奨されています。,#AI活用 #ファクトチェック #出典 #品質管理 #生成AI #要約
品質管理（出典・検証・ハルシネーション対策）,全レベル共通,05. AIは事実に基づいた正しい答えを返しますか？,いいえ、AIは時として事実に基づかない、もっともらしい誤情報（ハルシネーション/幻覚）を生成することがあります。AIは正しいように見える誤答を返す可能性があることを理解することが必要です。,#AI活用 #ハルシネーション #ファクトチェック #品質管理 #生成AI
品質管理（出典・検証・ハルシネーション対策）,全レベル共通,06. 自分の業務フローから、AIで代替しやすいタスクを特定し、AIとの協働を始めるにはどうしたら良いですか？,リスクが低く効果の高いタスク、例えば**「出典付きで要約する」や「メール整形」**といった作業から始めることが推奨されています,#AI活用 #ファクトチェック #出典 #品質管理 #生成AI #要約
学習とドキュメンテーション,中級者,01. 自分で書いた関数やクラスの仕様書（ドキュメンテーション）を自動生成できますか？,はい。「このPythonクラスの各メソッドについて、Docstringを生成してください。引数、返り値、各メソッドの役割を明確に記述してください」のように、コードを提示してドキュメント生成を依頼します。,#ドキュメンテーション #仕様書 #Python #Docstring #効率化
学習とドキュメンテーション,中級者,02. 新しいフレームワーク（例: Svelte）を学ぶための学習計画を立てさせることはできますか？,「JavaScriptの経験者が、WebフロントエンドフレームワークのSvelteを2週間で習得するための学習計画を立ててください。チュートリアル、作るべきサンプルアプリ、参考資料を含めてください」と依頼します。,#学習計画 #スキルアップ #フレームワーク #Svelte #キャリア
学習とドキュメンテーション,初心者,03. コードに出てくる'async/await'のような特定の概念が理解できない時、どう聞けばいいですか？,「JavaScriptの'async/await'が何を解決するための構文なのか、同期処理と比較しながら初心者にも分かるように、具体的なコード例を交えて説明してください」と依頼します。,#学習 #概念理解 #JavaScript #async #初心者
教育・文化・サポート体制,全レベル共通,01. 従業員がAI導入に抵抗感を持つ場合、どう対処すべきですか？,抵抗感は自然な反応ですが、AIは仕事を奪うものではなく、面倒な作業から解放し、より創造的な業務に集中できるツールであることを明確に伝えます。また、AIに興味を持つ従業員から「アンバサダー」を選出し、成功体験を共有することが効果的です。,#AI活用 #サポート #教育 #生成AI
教育・文化・サポート体制,全レベル共通,02. 社内でAI活用を広げるには、どのような教育アプローチが推奨されますか？,まず「一度使ってみる」「効果を体感する」機会を提供することが重要です。定期的なワークショップを開催し、使用実績がある社員がファシリテーターとなり、リアルな活用例を紹介することが推奨されます,#AI活用 #サポート #教育 #生成AI
教育・文化・サポート体制,全レベル共通,03. 自分の業務にAIをどう活かせるかイメージが湧きません。どうすればいいですか？,AI導入会議では、社員がAIと連携して働くための「新しい働き方」や「AIとの協働」の考え方を推進しており、部署を超えて学び合える場として、AI活用をテーマにしたカジュアルな勉強会や相談会を定期的に開催していくことが検討されています。,#AI活用 #サポート #勉強会 #教育 #生成AI #相談会
教育・文化・サポート体制,全レベル共通,04. 困った時や、技術的に詰まったときは誰に相談すればいいですか？,社内では、今後Teamsによりサポート窓口を開設することが検討されています。まずはAI導入会議にご相談ください。,#AI活用 #サポート #教育 #生成AI
業務活用（調査・分析・翻訳・スクリーナー）,全レベル共通,01. B3チームの事例で、生成AIはどのようなコスト削減・時短を実現しましたか？,コスト削減では、外注翻訳の一件あたり最大9〜12万円の削減、時短では、インタビューの書き起こしからの個票作成（1個票につき-2時間）、全文翻訳（1個票につき-4時間）、スクリーナーの国内適合性チェック（-20〜30分）などを達成しています。,#AI活用 #スクリーナー #個票 #書き起こし #業務活用 #生成AI #翻訳
業務活用（調査・分析・翻訳・スクリーナー）,全レベル共通,02. どのようなタスクがAIによる業務効率化に役立ちますか？,資料のたたき台作成、複雑な内容の要約や構造整理、定型的なメール文の作成、翻訳の補助など、多くのシーンで生成AIが役立ちます。,#AI活用 #業務活用 #生成AI #翻訳 #要約
業務活用（調査・分析・翻訳・スクリーナー）,全レベル共通,03. 実際にどれくらいの時間短縮効果があった事例がありますか？,社内B3チームの事例では、インタビューの書き起こしからの個票作成で1個票あたり約2時間の短縮、また報告書のテキストベース部分の下書き生成で案件により6〜10時間の工数削減を達成しています。,#AI活用 #個票 #報告書 #書き起こし #業務活用 #生成AI
業務活用（調査・分析・翻訳・スクリーナー）,全レベル共通,04. 翻訳を依頼する際、AIの出力品質を向上させるための「文脈」設定の具体例を教えてください。,単に翻訳を依頼するのではなく、「日本の呼吸器内科の医師を対象としたインタビュー調査で使用するもの」のように、ターゲット読者を明確に伝えることで、専門的かつ自然な表現を選択させることができます。,#AI活用 #業務活用 #生成AI #翻訳
業務活用（調査・分析・翻訳・スクリーナー）,全レベル共通,05. 医療分野など専門性の高いスクリーナー（調査対象者選別基準）を、日本の医療現場で使う自然な日本語に翻訳させるには？,**「このスクリーナーは、日本の呼吸器内科の医師を対象としたインタビュー調査で使用するものです。単なる直訳ではなく、医師が読んでも違和感のない、専門的かつ丁寧な表現にしてください」**といった文脈を詳細に伝えます。,#AI活用 #スクリーナー #業務活用 #生成AI #翻訳
顧客体験・ビジネス価値,全レベル共通,01. AIを活用する企業の多くが現在、どのような目的を重視していますか？,調査回答者のほぼ4分の3が、現在のAI実装の取り組みに注力する主な動機として、生産性の向上を挙げています。一方で、将来的にはイノベーションと収益成長がAI実装の主な目的となると考えられています。,#AI活用 #イノベーション #ビジネス価値 #生成AI #生産性 #顧客体験
顧客体験・ビジネス価値,全レベル共通,02. AIは顧客体験の向上にどのように貢献しますか？,AIによるデータ分析で、顧客ごとのニーズに応じたパーソナライズサービスを提供することで、顧客満足度やリピート率、ロイヤルティを高めることができます。例えば、Amazonは購買履歴や閲覧データから最適な商品をレコメンドし、売上を増加させています,#AI活用 #パーソナライズ #ビジネス価値 #生成AI #顧客体験
顧客体験・ビジネス価値,全レベル共通,03. AI時代の競争優位性の源泉は何ですか？,経営幹部の大多数は、人の創造性や戦略的思考が、今後も競争優位性の源泉であり続けると考えています。AIは人の能力を増強・強化し、人間が創造性、共感、戦略的思考といったより価値の高い活動に集中できるようにするツールです。,#AI活用 #ビジネス価値 #生成AI #顧客体験
顧客体験・ビジネス価値,全レベル共通,04. AIは最終的に私の仕事に取って代わるのですか？,いいえ、AIはあくまで業務をサポートする「道具」であり、最終的な判断や責任は常に人が担うという姿勢が大切です。経営幹部の見解では、今後も人の創造性や戦略的思考が競争優位性の源泉であり続けるとされています。,#AI活用 #ビジネス価値 #生成AI #顧客体験
高度な活用（テスト・DevOps）,上級者,01. Dockerを使ってWebアプリケーションの環境を構築するためのDockerfileを生成できますか？,はい。「Node.jsで作成されたWebアプリケーションを動かすためのDockerfileを作成してください。Node.jsのバージョンは18とし、依存パッケージのインストールとポート3000番の開放を行ってください」と、具体的な要件を伝えます。,#Docker #Dockerfile #DevOps #環境構築 #コンテナ
高度な活用（テスト・DevOps）,上級者,02. GitHub Actionsで、mainブランチにプッシュされたら自動でテストを実行するCIワークフローを作成してほしい。,「mainブランチへのプッシュをトリガーとして、Node.jsプロジェクトの'npm install'と'npm test'を自動実行するGitHub Actionsのワークフロー（YAMLファイル）を作成してください」と依頼します。,#CI/CD #GitHubActions #DevOps #自動化 #テスト
高度な活用（テスト・DevOps）,上級者,03. AWS Lambdaで特定の処理を行うサーバーレス関数のコードを生成できますか？,「S3バケットに画像がアップロードされたのをトリガーに、その画像のサムネイルを自動生成して別のバケットに保存するAWS Lambda関数をPythonで作成してください」と、トリガーと処理内容を明確に伝えます。,#AWS #Lambda #サーバーレス #クラウド #Python
高度な活用（テスト・DevOps）,中級者,04. 特定の関数に対するユニットテストのコードを生成させることはできますか？,"はい。「このPython関数'add(a, b)'に対するユニットテストを、pytestフレームワークを使って作成してください。正常系、異常系（例: 文字列が入力された場合）のテストケースを含めてください」と依頼します。",#テスト #ユニットテスト #pytest #Python #品質保証
高度な活用（テスト・DevOps）,中級者,05. Gitでコンフリクトが発生しました。どのように解決すればいいか手順を教えてもらえますか？,「'git status'の結果とコンフリクトが発生しているファイルの内容を提示し、このマージコンフリクトを解決するための具体的なgitコマンドの手順を教えてください」と、状況を伝えて指示を仰ぎます。,#Git #バージョン管理 #コンフリクト #DevOps #トラブルシューティング
社内事例 > その他,全レベル共通,01. 社内事例｜その他ではどのようにAIを使っていますか？,2025年9月の社内アンケートで41件の事例が報告されています。代表例： / / 。実務の流れに合わせて『目的→入力情報→出力形式→検証』の順で使うと再現性が高まります。,#社内事例 #AI活用 #社内アンケート #その他
社内事例 > 調査・情報収集,全レベル共通,01. 社内事例｜調査・情報収集ではどのようにAIを使っていますか？,2025年9月の社内アンケートで11件の事例が報告されています。代表例：AIで情報収集してもらってから、自身の理解と合わない部分があれば、自身でも情報収集して精度を高めるのがいいと思いました。 / リサーチはChatGPTとGeminiを見比べてみて、ハルシネーションを避ける / EXCELで複雑な条件の計算式(関数を3つ以上組み合わせて算出するような)を作成するのに便利。普通に検索してもなかなか出てこない組み合わせがスムーズに提案される。。実務の流れに合わせて『目的→入力情報→出力形式→検証』の順で使うと再現性が高まります。,#社内事例 #AI活用 #社内アンケート #調査/情報収集
社内事例 > 翻訳・要約・ライティング,全レベル共通,01. 社内事例｜翻訳・要約・ライティングではどのようにAIを使っていますか？,2025年9月の社内アンケートで6件の事例が報告されています。代表例：良い感じの単語、文章への言い換え / ChatGPTのカスタムGPTで定型業務を自動化する(翻訳、書き起こし作成など) / 文章からタスク抽出、Excelファイルに一覧化。実務の流れに合わせて『目的→入力情報→出力形式→検証』の順で使うと再現性が高まります。,#社内事例 #AI活用 #社内アンケート #翻訳/要約/ライティング
社内事例 > 顧客対応・文面作成,全レベル共通,01. 社内事例｜顧客対応・文面作成ではどのようにAIを使っていますか？,"2025年9月の社内アンケートで4件の事例が報告されています。代表例：インタビュー中でもわからない単語がでてきたらすぐ調べられるようにPointをすぐに返信してくれるようなBOTを作成してくと非常に便利です。 / メール対応時間を削減するために、伝えたい要点だけ書いて、適切なビジネスメールに変換してもらっています。 / 海外クライアントから届く調査票や資材の翻訳:日本の医療制度・市場背景に沿ったニュアンスで自動翻訳・校正
インタビュー文字起こし:インタビュー音声からテキスト化した後、医療用語や話し言葉を読みやすい形に自動整形し、誤変換チェックや専門用語の統一も効率化でき、作成時間を大幅に短縮。実務の流れに合わせて『目的→入力情報→出力形式→検証』の順で使うと再現性が高まります。",#社内事例 #AI活用 #社内アンケート #顧客対応/文面作成
社内事例 > コード生成・自動化,全レベル共通,01. 社内事例｜コード生成・自動化ではどのようにAIを使っていますか？,2025年9月の社内アンケートで3件の事例が報告されています。代表例：GASのコードを生成してもらい、工数時間管理など作業効率化ツールを作成 / パワーシェルのコードを作成してもらう。 / ChatGPTのカスタムGPTで定型業務を自動化する(翻訳、書き起こし作成など)。実務の流れに合わせて『目的→入力情報→出力形式→検証』の順で使うと再現性が高まります。,#社内事例 #AI活用 #社内アンケート #コード生成/自動化
社内事例 > タスク・業務支援,全レベル共通,01. 社内事例｜タスク・業務支援ではどのようにAIを使っていますか？,"2025年9月の社内アンケートで3件の事例が報告されています。代表例：GASのコードを生成してもらい、工数時間管理など作業効率化ツールを作成 / 文章からタスク抽出、Excelファイルに一覧化 / 海外クライアントから届く調査票や資材の翻訳:日本の医療制度・市場背景に沿ったニュアンスで自動翻訳・校正
インタビュー文字起こし:インタビュー音声からテキスト化した後、医療用語や話し言葉を読みやすい形に自動整形し、誤変換チェックや専門用語の統一も効率化でき、作成時間を大幅に短縮。実務の流れに合わせて『目的→入力情報→出力形式→検証』の順で使うと再現性が高まります。",#社内事例 #AI活用 #社内アンケート #タスク/業務支援
社内事例 > 企画・アイデア創出,全レベル共通,01. 社内事例｜企画・アイデア創出ではどのようにAIを使っていますか？,2025年9月の社内アンケートで3件の事例が報告されています。代表例：ブレスト / AIツールは、補完的な立場であると認識した上で使うことで、元の質は担保できると考えており、情報収集で不明な用語・事柄に関する質問をしたり、アイデアを出してもらうなど、直接納品物等に影響のない範囲で活用することにはとても向いていると考えています。特に、プレゼン資料作成の時は、どういったターゲットにどうやってプレゼンするか等、環境に沿った構成提案をしてくれるので、考える手間が省けています。 / 企画書に含める疾患背景についての情報収集。。実務の流れに合わせて『目的→入力情報→出力形式→検証』の順で使うと再現性が高まります。,#社内事例 #AI活用 #社内アンケート #企画/アイデア創出
社内事例 > データ分析・集計・可視化,全レベル共通,01. 社内事例｜データ分析・集計・可視化ではどのようにAIを使っていますか？,2025年9月の社内アンケートで1件の事例が報告されています。代表例：報告会のデータ。実務の流れに合わせて『目的→入力情報→出力形式→検証』の順で使うと再現性が高まります。,#社内事例 #AI活用 #社内アンケート #データ分析/集計/可視化
社内事例 > 議事録・会議支援,全レベル共通,01. 社内事例｜議事録・会議支援ではどのようにAIを使っていますか？,2025年9月の社内アンケートで1件の事例が報告されています。代表例：Personalizationやメモリを増やすことで自分仕様にカスタマイズする。実務の流れに合わせて『目的→入力情報→出力形式→検証』の順で使うと再現性が高まります。,#社内事例 #AI活用 #社内アンケート #議事録/会議支援
社内事例 > 資料作成・スライド,全レベル共通,01. 社内事例｜資料作成・スライドではどのようにAIを使っていますか？,2025年9月の社内アンケートで1件の事例が報告されています。代表例：AIツールは、補完的な立場であると認識した上で使うことで、元の質は担保できると考えており、情報収集で不明な用語・事柄に関する質問をしたり、アイデアを出してもらうなど、直接納品物等に影響のない範囲で活用することにはとても向いていると考えています。特に、プレゼン資料作成の時は、どういったターゲットにどうやってプレゼンするか等、環境に沿った構成提案をしてくれるので、考える手間が省けています。。実務の流れに合わせて『目的→入力情報→出力形式→検証』の順で使うと再現性が高まります。,#社内事例 #AI活用 #社内アンケート #資料作成/スライド
社員からの要望 > その他,全レベル共通,01. 社員からの要望｜その他ではどんなニーズが挙がっていますか？,2025年9月の社内アンケートで48件の要望が集まりました。具体例： / / レポート作成。,#社員からの要望 #社内アンケート #要望 #その他
社員からの要望 > 業務自動化・ワークフロー,全レベル共通,01. 社員からの要望｜業務自動化・ワークフローではどんなニーズが挙がっていますか？,2025年9月の社内アンケートで8件の要望が集まりました。具体例：現時点では業務の効率化やアイデア出しなどサポート・スタート機能として活用しているが、今後は回収データの検証作業など、結果をもとに業務改善につながるような活用をしていきたい。 / 企画本を次世代の作り方で作り発刊する。社内の定型業務の自動化 / 作業の効率化になる部分には積極的に活用していきたいと思います。そして、人の手でやらなければならないこと、AIにはお願いできないような部分に時間を使えるようにしたいと考えています。。,#社員からの要望 #社内アンケート #要望 #業務自動化/ワークフロー
社員からの要望 > 社内データ検索・RAG,全レベル共通,01. 社員からの要望｜社内データ検索・RAGではどんなニーズが挙がっていますか？,2025年9月の社内アンケートで5件の要望が集まりました。具体例：企画本を次世代の作り方で作り発刊する。社内の定型業務の自動化 / チャットとか社内情報にアクセスがあるとより便利 / Microsoft TeamsやGoogleなどのアプリケーションを頻繁に使用しているが、例えばMicrosoft Teamsでのやり取りには社外秘も多く含んでいる気がしますが、情報セキュリティ上どの程度安全なのか、安全でないのかわからないので、不安に思うことが多くある。社内にとじたAI環境なのかどうか教えてほしい。。,#社員からの要望 #社内アンケート #要望 #社内データ検索/RAG
社員からの要望 > 内製ツール・スクリプト,全レベル共通,01. 社員からの要望｜内製ツール・スクリプトではどんなニーズが挙がっていますか？,2025年9月の社内アンケートで4件の要望が集まりました。具体例：全社的な観点で言えば、公募実績リスト生成ツールが欲しい。提案書をストック → PJ概要を書かせる → 公募案件の仕様をアップ → LLMに関連実績リストを生成させる。 / データクリーニング含めたパワークエリでのデータ処理を効率的にできないかと考えています。VBAのコーディング、メール文章校正など。 / AIツールで業務効率化できた時に、品質が上がったことで取引額を挙げることができたとのか(売上増加)、時短ができて受託件数を増やすことができたのか(売上増加)、派遣社員を減らすことができて、売上は変わらないが、変動費が減らすことができたのか(営業利益増加)、プロジェクト損益や社員評価の分析に活用できないかと考えております。(AIツールを導入した成果を分析し、AIツールの費用対効果を出すことは非常に重要かと考えます。導入して便利になった後の事業としての経営結果にどう影響があるのか、知りたい。)。,#社員からの要望 #社内アンケート #要望 #内製ツール/スクリプト
社員からの要望 > セキュリティ・ルール整備,全レベル共通,01. 社員からの要望｜セキュリティ・ルール整備ではどんなニーズが挙がっていますか？,2025年9月の社内アンケートで1件の要望が集まりました。具体例：Microsoft TeamsやGoogleなどのアプリケーションを頻繁に使用しているが、例えばMicrosoft Teamsでのやり取りには社外秘も多く含んでいる気がしますが、情報セキュリティ上どの程度安全なのか、安全でないのかわからないので、不安に思うことが多くある。社内にとじたAI環境なのかどうか教えてほしい。。,#社員からの要望 #社内アンケート #要望 #セキュリティ/ルール整備
社員からの要望 > ライセンス・環境整備,全レベル共通,01. 社員からの要望｜ライセンス・環境整備ではどんなニーズが挙がっていますか？,2025年9月の社内アンケートで1件の要望が集まりました。具体例：Microsoft TeamsやGoogleなどのアプリケーションを頻繁に使用しているが、例えばMicrosoft Teamsでのやり取りには社外秘も多く含んでいる気がしますが、情報セキュリティ上どの程度安全なのか、安全でないのかわからないので、不安に思うことが多くある。社内にとじたAI環境なのかどうか教えてほしい。。,#社員からの要望 #社内アンケート #要望 #ライセンス/環境整備
社員からの要望 > 研修・トレーニング,全レベル共通,01. 社員からの要望｜研修・トレーニングではどんなニーズが挙がっていますか？,2025年9月の社内アンケートで1件の要望が集まりました。具体例：積極的に取り入れたい。AIは自分のアシスタントになることは間違いないと思う。情報の真偽の確認作業は必要だが、たたき台としての事前調査には問題ないと思う。下手な新人を教育するよりよいかもしれない。業務改善に良い方法があれば、ぜひとも教えていただきたい。。,#社員からの要望 #社内アンケート #要望 #研修/トレーニング
社員からの要望 > 翻訳品質・専門用語,全レベル共通,01. 社員からの要望｜翻訳品質・専門用語ではどんなニーズが挙がっていますか？,2025年9月の社内アンケートで1件の要望が集まりました。具体例：日常業務でのAI活用はすでに定着しているため、今後は 調査結果のトップラインや分析レポートの作成 にAIを活用してみたい。インタビュー文字起こしや翻訳などで得たデータをAIが自動で要約し、調査結果の要点抽出から分析コメントの下書きまでをサポートしてくれることで、報告書作成のスピードと質を高められると思う。。,#社員からの要望 #社内アンケート #要望 #翻訳品質/専門用語
社員からの要望 > 評価・品質管理,全レベル共通,01. 社員からの要望｜評価・品質管理ではどんなニーズが挙がっていますか？,2025年9月の社内アンケートで1件の要望が集まりました。具体例：AIツールで業務効率化できた時に、品質が上がったことで取引額を挙げることができたとのか(売上増加)、時短ができて受託件数を増やすことができたのか(売上増加)、派遣社員を減らすことができて、売上は変わらないが、変動費が減らすことができたのか(営業利益増加)、プロジェクト損益や社員評価の分析に活用できないかと考えております。(AIツールを導入した成果を分析し、AIツールの費用対効果を出すことは非常に重要かと考えます。導入して便利になった後の事業としての経営結果にどう影響があるのか、知りたい。)。,#社員からの要望 #社内アンケート #要望 #評価/品質管理
社員からの要望 > 議事録・音声認識,全レベル共通,01. 社員からの要望｜議事録・音声認識ではどんなニーズが挙がっていますか？,2025年9月の社内アンケートで1件の要望が集まりました。具体例：日常業務でのAI活用はすでに定着しているため、今後は 調査結果のトップラインや分析レポートの作成 にAIを活用してみたい。インタビュー文字起こしや翻訳などで得たデータをAIが自動で要約し、調査結果の要点抽出から分析コメントの下書きまでをサポートしてくれることで、報告書作成のスピードと質を高められると思う。。,#社員からの要望 #社内アンケート #要望 #議事録/音声認識
社員からの要望 > 困りごと可視化,全レベル共通,01. 他の人はどのような点に困っていますか？（社内アンケート）,2025年9月の社内アンケートでは次の困りごとが目立ちました。上位：AIの活用事例の共有: 43人 / AIの高度な機能の使い方: 39人 / 具体的なプロンプトの共有: 31人 / 社内勉強会やトレーニングがあるとよい: 22人 / AIの基本的な使い方: 21人。一人だけの悩みではありません。必要に応じて短時間の勉強会・伴走サポートを案内します。,#困りごと #社内アンケート #サポート
社員からの要望 > 困りごと可視化,全レベル共通,02. 困りごと｜AIの活用事例の共有はどのくらいニーズがありますか？,2025年9月の社内アンケートで43人が『AIの活用事例の共有』に学習・サポートの必要性を回答しました。FAQ・社内研修・テンプレ提供で段階対応します。,#困りごと #学習ニーズ #社内アンケート
社員からの要望 > 困りごと可視化,全レベル共通,03. 困りごと｜AIの高度な機能の使い方はどのくらいニーズがありますか？,2025年9月の社内アンケートで39人が『AIの高度な機能の使い方』に学習・サポートの必要性を回答しました。FAQ・社内研修・テンプレ提供で段階対応します。,#困りごと #学習ニーズ #社内アンケート
社員からの要望 > 困りごと可視化,全レベル共通,04. 困りごと｜具体的なプロンプトの共有はどのくらいニーズがありますか？,2025年9月の社内アンケートで31人が『具体的なプロンプトの共有』に学習・サポートの必要性を回答しました。FAQ・社内研修・テンプレ提供で段階対応します。,#困りごと #学習ニーズ #社内アンケート
社員からの要望 > 困りごと可視化,全レベル共通,05. 困りごと｜社内勉強会やトレーニングがあるとよいはどのくらいニーズがありますか？,2025年9月の社内アンケートで22人が『社内勉強会やトレーニングがあるとよい』に学習・サポートの必要性を回答しました。FAQ・社内研修・テンプレ提供で段階対応します。,#困りごと #学習ニーズ #社内アンケート
社員からの要望 > 困りごと可視化,全レベル共通,06. 困りごと｜AIの基本的な使い方はどのくらいニーズがありますか？,2025年9月の社内アンケートで21人が『AIの基本的な使い方』に学習・サポートの必要性を回答しました。FAQ・社内研修・テンプレ提供で段階対応します。,#困りごと #学習ニーズ #社内アンケート
社員からの要望 > 困りごと可視化,全レベル共通,07. 困りごと｜利用マニュアルがほしいはどのくらいニーズがありますか？,2025年9月の社内アンケートで12人が『利用マニュアルがほしい』に学習・サポートの必要性を回答しました。FAQ・社内研修・テンプレ提供で段階対応します。,#困りごと #学習ニーズ #社内アンケート
社員からの要望 > 困りごと可視化,全レベル共通,08. 困りごと｜FAQがほしいはどのくらいニーズがありますか？,2025年9月の社内アンケートで6人が『FAQがほしい』に学習・サポートの必要性を回答しました。FAQ・社内研修・テンプレ提供で段階対応します。,#困りごと #学習ニーズ #社内アンケート
社員からの要望 > 困りごと可視化,全レベル共通,09. 困りごと｜特になしはどのくらいニーズがありますか？,2025年9月の社内アンケートで6人が『特になし』に学習・サポートの必要性を回答しました。FAQ・社内研修・テンプレ提供で段階対応します。,#困りごと #学習ニーズ #社内アンケート
社員からの要望 > 困りごと可視化,全レベル共通,10. 困りごと｜AIの動向はどのくらいニーズがありますか？,2025年9月の社内アンケートで1人が『AIの動向』に学習・サポートの必要性を回答しました。FAQ・社内研修・テンプレ提供で段階対応します。,#困りごと #学習ニーズ #社内アンケート
プロンプトテンプレート集,中級者,01. シード・プランニング式最強プロンプトを教えてください。,"以下は参考用：シード・プランニング式最強プロンプトです。
（該当しない【変数部分】を適宜変えて使ってください。ポイントはAIに役割を持たせ、自己改善でブラッシュアップする流れです。#や""""""""は注意点の明示用）

（1）あなたは【経験豊富なプレゼンテーションクリエイター】です。
（2）以下の #【研修概要の社内研修プレゼンテーションの章立てと内容】 を考えてください。
その際、#【スピーカープロフィール】 と #【想定ターゲット】 #参照資料 を参考にしてください。
（3）全体がターゲットにとって面白くなるように、5回の改善サイクルで自分でブラッシュアップしてください。
（4）改善のたびに #採点基準 で自己評価し、100点満点で点数も出してください。

#採点基準：
・プラス評価：
　- 【想定ターゲットにとって面白い内容になっている】
　- 【様々なターゲットが飽きずに聞ける適切な内容か】
　- 【各ターゲットに具体的な学びがあるか】
・マイナス評価：
　- 表層的な内容に留まっている
　- 【特定のターゲットにしか響かない】

#イベントタイトル：
【今後のシード・プランニングの生成AI活用】

#研修概要：
【最近実施した社内のAI利用実態アンケートで様々なユーザー層がいることがわかった／
まだ迷いや不安を感じる層から高度な使い方をしている層まで混在している／
仕事の進め方が急速に変化する中、生成AIで業務効率化を超えた活用をどう実現するかを問いかける／
活用度に応じたサポート体制を拡充する／
クリエイティビティや生産性を高める具体的なヒントや事例を紹介する】

#想定ターゲット：
【シード・プランニング全社員（上級ユーザー〜慎重ユーザー、未利用者も含む）／経営層・マネジメント】

#スピーカープロフィール：
【AI導入会議メンバー。B3チームにChatGPTを導入し、1人1アカウント運用を推進。定型業務を効率化し、カスタムGPTを多数作成・定着。英語対応のコミュニケーション改善にも貢献。】

#参照資料：
【アンケート結果（Excel）、B3チーム活用事例ファイル】",#プロンプト #テンプレート #自己改善 #ロール指定 #プレゼン #研修 #ChatGPT #社内向け
プロンプトテンプレート集,中級者,02. 競合企業と製品の特長を調査するプロンプトを教えてください。,"目的・背景・期待アウトプット明記型の調査プロンプト（医療機器向け）例：

【目的】医療機器市場における主要競合企業と製品の特徴を調査する
【背景】新規参入戦略立案のため、競合状況を把握したい
【対象】国内外の主要医療機器メーカー
【必要項目】主要企業リスト／製品カテゴリ／技術トレンド／強み・弱み／販売戦略／市場シェア 等
【期待アウトプット形式】表形式またはリスト形式で簡潔にまとめる
【出典・引用】ウェブ検索を行い、引用したURLを明記する

→ 実行時は、対象国や期間（例：2022–2025）、対象領域（例：循環器・画像診断）を変数として指定すると精度が上がります。",#プロンプト #競合分析 #市場調査 #医療機器 #出典必須 #ウェブ検索 #テンプレート
社内リソース,全レベル共通,01. 生成AIについての社内リソースやマニュアルはどこにありますか？,"AI導入会議が発行したすべてのリソースはGoogleドライブ上に集約されています。
レベルにあったリソースを格納していきますのでご確認ください。

Googleドライブの場所：
共有アイテム ＞ その他資料 ＞ ChatGPT・生成AI",#社内リソース #マニュアル #Googleドライブ #生成AI
